,_time,_value,_field,device,exercise
0,2024-10-18T10:09:14.72895Z,64,heartRate,R02_000D,AL
1,2024-10-18T10:09:15.244577Z,64,heartRate,R02_000D,AL
2,2024-10-18T10:09:15.472512Z,64,heartRate,R02_000D,AL
3,2024-10-18T10:09:15.912741Z,64,heartRate,R02_000D,AL
4,2024-10-18T10:09:16.435909Z,67,heartRate,R02_000D,AL
5,2024-10-18T10:09:16.961603Z,67,heartRate,R02_000D,AL
6,2024-10-18T10:09:17.493863Z,66,heartRate,R02_000D,AL
7,2024-10-18T10:09:17.922179Z,66,heartRate,R02_000D,AL
8,2024-10-18T10:09:18.446877Z,66,heartRate,R02_000D,AL
9,2024-10-18T10:09:18.884496Z,65,heartRate,R02_000D,AL
10,2024-10-18T10:14:06.004511Z,80,heartRate,R02_000D,AL
11,2024-10-18T10:14:06.39015Z,80,heartRate,R02_000D,AL
12,2024-10-18T10:14:06.917216Z,80,heartRate,R02_000D,AL
13,2024-10-18T10:14:07.44019Z,80,heartRate,R02_000D,AL
14,2024-10-18T10:14:07.876714Z,81,heartRate,R02_000D,AL
15,2024-10-18T10:14:08.314588Z,81,heartRate,R02_000D,AL
16,2024-10-18T10:14:09.014657Z,81,heartRate,R02_000D,AL
17,2024-10-18T10:14:09.715775Z,81,heartRate,R02_000D,AL
18,2024-10-18T10:14:09.804994Z,81,heartRate,R02_000D,AL
19,2024-10-18T10:14:10.327172Z,81,heartRate,R02_000D,AL
20,2024-10-18T10:14:46.036236Z,86,heartRate,R02_000D,AL
21,2024-10-18T10:14:46.730935Z,86,heartRate,R02_000D,AL
22,2024-10-18T10:14:47.256269Z,86,heartRate,R02_000D,AL
23,2024-10-18T10:14:47.605649Z,83,heartRate,R02_000D,AL
24,2024-10-18T10:14:47.953813Z,84,heartRate,R02_000D,AL
25,2024-10-18T10:14:48.477602Z,84,heartRate,R02_000D,AL
26,2024-10-18T10:14:49.012569Z,84,heartRate,R02_000D,AL
27,2024-10-18T10:14:49.441203Z,84,heartRate,R02_000D,AL
28,2024-10-18T10:14:50.053893Z,84,heartRate,R02_000D,AL
29,2024-10-18T10:14:50.490565Z,84,heartRate,R02_000D,AL
30,2024-10-18T10:15:26.186345Z,78,heartRate,R02_000D,AL
31,2024-10-18T10:15:26.630044Z,78,heartRate,R02_000D,AL
32,2024-10-18T10:15:27.329866Z,78,heartRate,R02_000D,AL
33,2024-10-18T10:15:27.679377Z,79,heartRate,R02_000D,AL
34,2024-10-18T10:15:28.115798Z,82,heartRate,R02_000D,AL
35,2024-10-18T10:15:28.555044Z,82,heartRate,R02_000D,AL
36,2024-10-18T10:15:29.082555Z,82,heartRate,R02_000D,AL
37,2024-10-18T10:15:29.690514Z,82,heartRate,R02_000D,AL
38,2024-10-18T10:15:30.139918Z,82,heartRate,R02_000D,AL
39,2024-10-18T10:15:30.915636Z,82,heartRate,R02_000D,AL
40,2024-10-18T10:16:06.186119Z,58,heartRate,R02_000D,AL
41,2024-10-18T10:16:06.704439Z,58,heartRate,R02_000D,AL
42,2024-10-18T10:16:07.138804Z,58,heartRate,R02_000D,AL
43,2024-10-18T10:16:07.666913Z,58,heartRate,R02_000D,AL
44,2024-10-18T10:16:08.278963Z,61,heartRate,R02_000D,AL
45,2024-10-18T10:16:08.977874Z,61,heartRate,R02_000D,AL
46,2024-10-18T10:16:09.067053Z,61,heartRate,R02_000D,AL
47,2024-10-18T10:16:09.852738Z,61,heartRate,R02_000D,AL
48,2024-10-18T10:16:10.202037Z,61,heartRate,R02_000D,AL
49,2024-10-18T10:16:10.640851Z,62,heartRate,R02_000D,AL
50,2024-10-18T10:16:46.379888Z,67,heartRate,R02_000D,AL
51,2024-10-18T10:16:46.876251Z,67,heartRate,R02_000D,AL
52,2024-10-18T10:16:47.302818Z,67,heartRate,R02_000D,AL
53,2024-10-18T10:16:47.827745Z,69,heartRate,R02_000D,AL
54,2024-10-18T10:16:48.352771Z,70,heartRate,R02_000D,AL
55,2024-10-18T10:16:48.790881Z,70,heartRate,R02_000D,AL
56,2024-10-18T10:16:49.31517Z,70,heartRate,R02_000D,AL
57,2024-10-18T10:16:49.925844Z,70,heartRate,R02_000D,AL
58,2024-10-18T10:16:50.276076Z,70,heartRate,R02_000D,AL
59,2024-10-18T10:16:50.894511Z,70,heartRate,R02_000D,AL
60,2024-10-18T10:17:26.352718Z,65,heartRate,R02_000D,AL
61,2024-10-18T10:17:27.032011Z,65,heartRate,R02_000D,AL
62,2024-10-18T10:17:27.555676Z,65,heartRate,R02_000D,AL
63,2024-10-18T10:17:27.902559Z,66,heartRate,R02_000D,AL
64,2024-10-18T10:17:28.338999Z,66,heartRate,R02_000D,AL
65,2024-10-18T10:17:28.777702Z,66,heartRate,R02_000D,AL
66,2024-10-18T10:17:29.391422Z,65,heartRate,R02_000D,AL
67,2024-10-18T10:17:29.827006Z,65,heartRate,R02_000D,AL
68,2024-10-18T10:17:30.441891Z,65,heartRate,R02_000D,AL
69,2024-10-18T10:17:30.880145Z,66,heartRate,R02_000D,AL
70,2024-10-18T10:18:07.073105Z,65,heartRate,R02_000D,AL
71,2024-10-18T10:18:07.538935Z,65,heartRate,R02_000D,AL
72,2024-10-18T10:18:07.891099Z,65,heartRate,R02_000D,AL
73,2024-10-18T10:18:08.503451Z,67,heartRate,R02_000D,AL
74,2024-10-18T10:18:08.937774Z,68,heartRate,R02_000D,AL
75,2024-10-18T10:18:09.466312Z,68,heartRate,R02_000D,AL
76,2024-10-18T10:18:09.902814Z,68,heartRate,R02_000D,AL
77,2024-10-18T10:18:10.425704Z,68,heartRate,R02_000D,AL
78,2024-10-18T10:18:10.889312Z,68,heartRate,R02_000D,AL
79,2024-10-18T10:18:11.391257Z,68,heartRate,R02_000D,AL
80,2024-10-18T10:18:47.096283Z,75,heartRate,R02_000D,AL
81,2024-10-18T10:18:47.705165Z,75,heartRate,R02_000D,AL
82,2024-10-18T10:18:47.879903Z,75,heartRate,R02_000D,AL
83,2024-10-18T10:18:48.488311Z,75,heartRate,R02_000D,AL
84,2024-10-18T10:18:48.930353Z,75,heartRate,R02_000D,AL
85,2024-10-18T10:18:49.363535Z,75,heartRate,R02_000D,AL
86,2024-10-18T10:18:49.88911Z,75,heartRate,R02_000D,AL
87,2024-10-18T10:18:50.414004Z,75,heartRate,R02_000D,AL
88,2024-10-18T10:18:50.939798Z,75,heartRate,R02_000D,AL
89,2024-10-18T10:18:51.655556Z,75,heartRate,R02_000D,AL
90,2024-10-18T10:19:26.557429Z,75,heartRate,R02_000D,AL
91,2024-10-18T10:19:27.251493Z,75,heartRate,R02_000D,AL
92,2024-10-18T10:19:27.515331Z,76,heartRate,R02_000D,AL
93,2024-10-18T10:19:28.03926Z,76,heartRate,R02_000D,AL
94,2024-10-18T10:19:28.562914Z,75,heartRate,R02_000D,AL
95,2024-10-18T10:19:29.090337Z,75,heartRate,R02_000D,AL
96,2024-10-18T10:19:29.526765Z,75,heartRate,R02_000D,AL
97,2024-10-18T10:19:30.051892Z,75,heartRate,R02_000D,AL
98,2024-10-18T10:19:30.666628Z,74,heartRate,R02_000D,AL
99,2024-10-18T10:19:31.016827Z,74,heartRate,R02_000D,AL
100,2024-10-18T10:20:06.21276Z,85,heartRate,R02_000D,AL
101,2024-10-18T10:20:06.801638Z,85,heartRate,R02_000D,AL
102,2024-10-18T10:20:07.151448Z,85,heartRate,R02_000D,AL
103,2024-10-18T10:20:07.678315Z,87,heartRate,R02_000D,AL
104,2024-10-18T10:20:08.215727Z,87,heartRate,R02_000D,AL
105,2024-10-18T10:20:08.728815Z,87,heartRate,R02_000D,AL
106,2024-10-18T10:20:09.253553Z,87,heartRate,R02_000D,AL
107,2024-10-18T10:20:09.687552Z,87,heartRate,R02_000D,AL
108,2024-10-18T10:20:10.135564Z,87,heartRate,R02_000D,AL
109,2024-10-18T10:20:10.656086Z,87,heartRate,R02_000D,AL
110,2024-10-18T10:20:46.631848Z,69,heartRate,R02_000D,AL
111,2024-10-18T10:20:47.139117Z,69,heartRate,R02_000D,AL
112,2024-10-18T10:20:48.103665Z,69,heartRate,R02_000D,AL
113,2024-10-18T10:20:48.112332Z,71,heartRate,R02_000D,AL
114,2024-10-18T10:20:48.626059Z,73,heartRate,R02_000D,AL
115,2024-10-18T10:20:49.238778Z,73,heartRate,R02_000D,AL
116,2024-10-18T10:20:49.764805Z,73,heartRate,R02_000D,AL
117,2024-10-18T10:20:50.37542Z,73,heartRate,R02_000D,AL
118,2024-10-18T10:20:50.551588Z,73,heartRate,R02_000D,AL
119,2024-10-18T10:20:51.254947Z,75,heartRate,R02_000D,AL
120,2024-10-18T10:21:26.347208Z,71,heartRate,R02_000D,AL
121,2024-10-18T10:21:26.864424Z,71,heartRate,R02_000D,AL
122,2024-10-18T10:21:27.302971Z,71,heartRate,R02_000D,AL
123,2024-10-18T10:21:27.827171Z,71,heartRate,R02_000D,AL
124,2024-10-18T10:21:28.265139Z,71,heartRate,R02_000D,AL
125,2024-10-18T10:21:28.966323Z,74,heartRate,R02_000D,AL
126,2024-10-18T10:21:29.315072Z,74,heartRate,R02_000D,AL
127,2024-10-18T10:21:29.840671Z,75,heartRate,R02_000D,AL
128,2024-10-18T10:21:30.277725Z,77,heartRate,R02_000D,AL
129,2024-10-18T10:21:31.153384Z,77,heartRate,R02_000D,AL
130,2024-10-18T10:22:06.087281Z,77,heartRate,R02_000D,AL
131,2024-10-18T10:22:06.518664Z,77,heartRate,R02_000D,AL
132,2024-10-18T10:22:06.940104Z,77,heartRate,R02_000D,AL
133,2024-10-18T10:22:07.466654Z,77,heartRate,R02_000D,AL
134,2024-10-18T10:22:07.990377Z,77,heartRate,R02_000D,AL
135,2024-10-18T10:22:08.691028Z,77,heartRate,R02_000D,AL
136,2024-10-18T10:22:08.952131Z,78,heartRate,R02_000D,AL
137,2024-10-18T10:22:09.564694Z,78,heartRate,R02_000D,AL
138,2024-10-18T10:22:10.034982Z,78,heartRate,R02_000D,AL
139,2024-10-18T10:22:10.440553Z,81,heartRate,R02_000D,AL
140,2024-10-18T10:22:46.583738Z,86,heartRate,R02_000D,AL
141,2024-10-18T10:22:47.104358Z,86,heartRate,R02_000D,AL
142,2024-10-18T10:22:47.541325Z,87,heartRate,R02_000D,AL
143,2024-10-18T10:22:48.240355Z,87,heartRate,R02_000D,AL
144,2024-10-18T10:22:48.59112Z,87,heartRate,R02_000D,AL
145,2024-10-18T10:22:49.202759Z,87,heartRate,R02_000D,AL
146,2024-10-18T10:22:49.63801Z,87,heartRate,R02_000D,AL
147,2024-10-18T10:22:50.251872Z,87,heartRate,R02_000D,AL
148,2024-10-18T10:22:50.863827Z,86,heartRate,R02_000D,AL
149,2024-10-18T10:22:51.039947Z,86,heartRate,R02_000D,AL
150,2024-10-18T10:23:26.398618Z,87,heartRate,R02_000D,AL
151,2024-10-18T10:23:26.916458Z,87,heartRate,R02_000D,AL
152,2024-10-18T10:23:27.351982Z,87,heartRate,R02_000D,AL
153,2024-10-18T10:23:27.877116Z,87,heartRate,R02_000D,AL
154,2024-10-18T10:23:28.422355Z,87,heartRate,R02_000D,AL
155,2024-10-18T10:23:28.841129Z,87,heartRate,R02_000D,AL
156,2024-10-18T10:23:29.629148Z,87,heartRate,R02_000D,AL
157,2024-10-18T10:23:29.89145Z,87,heartRate,R02_000D,AL
158,2024-10-18T10:23:30.32828Z,87,heartRate,R02_000D,AL
159,2024-10-18T10:23:30.853198Z,87,heartRate,R02_000D,AL
160,2024-10-18T10:24:06.008766Z,86,heartRate,R02_000D,AL
161,2024-10-18T10:24:06.671232Z,86,heartRate,R02_000D,AL
162,2024-10-18T10:24:07.105909Z,86,heartRate,R02_000D,AL
163,2024-10-18T10:24:07.633734Z,85,heartRate,R02_000D,AL
164,2024-10-18T10:24:07.981914Z,84,heartRate,R02_000D,AL
165,2024-10-18T10:24:08.507943Z,84,heartRate,R02_000D,AL
166,2024-10-18T10:24:08.947853Z,83,heartRate,R02_000D,AL
167,2024-10-18T10:24:09.469061Z,83,heartRate,R02_000D,AL
168,2024-10-18T10:24:09.995577Z,83,heartRate,R02_000D,AL
169,2024-10-18T10:24:10.521543Z,82,heartRate,R02_000D,AL
170,2024-10-18T10:32:35.784775Z,68,heartRate,R02_000D,AL
171,2024-10-18T10:32:36.292988Z,68,heartRate,R02_000D,AL
172,2024-10-18T10:32:36.814668Z,68,heartRate,R02_000D,AL
173,2024-10-18T10:32:37.252617Z,68,heartRate,R02_000D,AL
174,2024-10-18T10:32:37.786267Z,68,heartRate,R02_000D,AL
175,2024-10-18T10:32:38.742741Z,68,heartRate,R02_000D,AL
176,2024-10-18T10:32:38.754502Z,67,heartRate,R02_000D,AL
177,2024-10-18T10:32:39.358014Z,67,heartRate,R02_000D,AL
178,2024-10-18T10:32:39.79223Z,67,heartRate,R02_000D,AL
179,2024-10-18T10:32:40.229527Z,67,heartRate,R02_000D,AL
180,2024-10-18T10:33:17.004618Z,76,heartRate,R02_000D,AL
181,2024-10-18T10:33:17.250543Z,76,heartRate,R02_000D,AL
182,2024-10-18T10:33:17.76624Z,76,heartRate,R02_000D,AL
183,2024-10-18T10:33:18.290336Z,76,heartRate,R02_000D,AL
184,2024-10-18T10:33:18.815196Z,77,heartRate,R02_000D,AL
185,2024-10-18T10:33:19.340892Z,77,heartRate,R02_000D,AL
186,2024-10-18T10:33:19.8676Z,78,heartRate,R02_000D,AL
187,2024-10-18T10:33:20.393125Z,78,heartRate,R02_000D,AL
188,2024-10-18T10:33:20.741822Z,78,heartRate,R02_000D,AL
189,2024-10-18T10:33:21.265668Z,79,heartRate,R02_000D,AL
